building,street,town,postcode
5,Henley Gate,Henley-On-Thames,RG9 4BB
1A,Hilbury Road,Earley,RG6 5PU
34,Reading Road,Chineham,RG24 8LN
6,Stansfield Close,Reading,RG2 7BQ
9,Inchwood,Bracknell,RG12 7ZX
14,Culver Road,Basingstoke,RG21 3LS
26,Newport Road,Newbury,RG14 2AR
Bridleway,Tylney Lane,Newnham,RG27 9AJ
48,Hardwick Road,Tilehurst,RG30 4LN
32,Torque Close,Basingstoke,RG24 9YL
Well Cottage,Newnham Green,Newnham,RG27 9AH
10,Maple Court,Goring,RG8 9BQ
14,Garrett Road,Finchampstead,RG40 4RX
7,Gladstone Close,Kintbury,RG17 9XU
Blakes Cottage,Basingstoke Road,Spencers Wood,RG7 1AF
6,The Square,Spencers Wood,RG7 1BS
22,Hawthorn Rise,Hook,RG27 9RG
7,Cleveland,Charvil,RG10 9QW
4,The Waldrons,East Garston,RG17 7JB
1,Cowdown Lodge,Hurstbourne Priors,RG28 7RX
3,Bannister Place,Brimpton,RG7 4TW
Flat D,Waylen Street,Reading,RG1 7UP
36,Davy Place,Bracknell,RG12 2UR
2,Kite Hill Cottages,Basingstoke,RG22 5EJ
7,Mulberry Close,Crowthorne,RG45 7LG
37,Norwood Road,Reading,RG1 3JB
21,Hermitage Drive,Twyford,RG10 9HT
The Spinney,Aldermaston Road,Basingstoke,RG24 9LY
10,Pimpernel Place,Thatcham,RG18 4EY
13,Haywood Court,Reading,RG1 3QF
7,Begonia Close,Basingstoke,RG22 5RA
9,Kilowna Close,Charvil,RG10 9QU
Acacia Cottage,Forest Road,Binfield,RG42 4HL
Woodland View,The Ridge,Cold Ash,RG18 9JB
28,Holmwood Avenue,Reading,RG30 3PJ
20,Ashley Road,Reading,RG1 6HT
Beech Tree House,Clappers Farm Road,Silchester,RG7 2LH
7,Wendan Road,Newbury,RG14 7AG
14,Emmens Close,Checkendon,RG8 0TU
6,Crocus Mead,Thatcham,RG18 4DJ
5,East Park Farm Drive,Charvil,RG10 9UG
Sandalwood,Cock Lane,Bradfield Southend,RG7 6HN
Courtrai Cottage,Singers Lane,Henley-On-Thames,RG9 1HB
24,Upper Broadmoor Road,Crowthorne,RG45 7BZ
7,Appleby End,Reading,RG30 2NR
2,Easter Square,Basingstoke,RG24 9GL
12,Duncan Gardens,Purley On Thames,RG8 8DW
The Old Rectory,Church Lane,Arborfield,RG2 9HZ
4,Walnut Close,Sonning Common,RG4 9DH
19,Mortimer Close,Reading,RG2 8TT
1,Cavell Court,Lychpit,RG24 8YT
2,Old Farm Drive,Bracknell,RG12 2HS
9,Devonshire Business Park,Basingstoke,RG21 6XN
2,Ascot Close,Newbury,RG14 7TW
24,Tintern Close,Basingstoke,RG24 9HE
Hollyhock Cottage,Compton Road,East Ilsley,RG20 7LH
4,Priory Road,Hungerford,RG17 0AF
Reading Bridge House,Reading Bridge,Reading,RG1 8LS
48,The Green,Tadley,RG26 3PB
8,Buckhurst Grove,Wokingham,RG40 2JR
Old Post Office House,High Street,East Ilsley,RG20 7LF
4,Oaklands Way,Basingstoke,RG23 8LT
10,Pimpernel Way,Lychpit,RG24 8SS
4,Crown Crescent,Old Basing,RG24 7BS
309,The Meadway,Tilehurst,RG30 4NS
Carlantic,Aldermaston Road,Pamber Green,RG26 3AE
61,Causton Road,Beggarwood,RG22 4QQ
Greensward Cottage,Reading Road,Arborfield,RG2 9HS
Adelphi House,Friar Street,Reading,RG1 1HD
Hurst Lea,Tilehurst Lane,Binfield,RG42 5JS
15,Rectory Row,Bracknell,RG12 7BN
Merlin House,Commerce Park,Theale,RG7 4AB
1,Bancroft Place,Calcot,RG31 7BH
3,Deerhurst Close,Calcot,RG31 7RX
10,Bradley Drive,Wokingham,RG40 3HZ
87,Northfield Road,Thatcham,RG18 3ER
115,Champlain Street,Reading,RG2 6AE
80,Matthews Green Road,Wokingham,RG41 1JT
20,Langdale Gardens,Earley,RG6 5TX
3,Kings Meadow,Overton,RG25 3HP
3,Padstow Gardens,Reading,RG2 8BB
1,Holmes Place,Binfield,RG42 4GP
1,Benham Chase,Stockcross,RG20 8LQ
Racquets,High Street,Whitchurch On Thames,RG8 7ER
Manaton,West Green Road,Hartley Wintney,RG27 8LP
Old Stables,New Road,Tadley,RG26 3AS
The Covers,Lytton Road,Basingstoke,RG21 4BJ
204,Fairwater Drive,Woodley,RG5 3JF
The Laurels,Heath Ride,Finchampstead,RG40 3QN
52,Constantine Way,Hatch Warren,RG22 4UR
Plovers Well,Plover Lane,Eversley,RG27 0QX
5,Matthews Close,Earley,RG6 7EQ
8,Yalden Close,Wokingham,RG41 1AE
Morton Cottage,The Street,Mortimer,RG7 3DW
Thatched House,Jigs Lane North,Warfield,RG42 3DJ
7,Stoney Lane,Thatcham,RG19 4LH
50,Lordsfield Gardens,Overton,RG25 3EW
Mead Cottage,Memorial Avenue,Shiplake Cross,RG9 4DF
14,Lailey Path,Shinfield,RG2 9RR
14,Home Mead,North Waltham,RG25 2SY
Wayside,Remenham Hill,Remenham,RG9 3EG
14,Southend Road,Basingstoke,RG21 7TE
5,Addington Gardens,Woodley,RG5 3EW
Westfield,Gipsy Lane,Wokingham,RG40 2HP
7,Ventnor Road,Tilehurst,RG31 5AG
54,Bounty Road,Basingstoke,RG21 3BU
2,Shaw Pightle,Hook,RG27 9SR
22,Bennings Close,Bracknell,RG42 2ER
62,Mersey Way,Thatcham,RG18 3DL
1,Farrier Street,Newbury,RG14 7WP
1,Tudor Cottages,Shiplake Cross,RG9 4DB
166,Westwood Road,Tilehurst,RG31 6LN
Haydens Pightle,Pot Lane,Old Basing,RG24 7AZ
Foyswell,Fairoak Lane,Stratfield Saye,RG7 2EA
April Cottage,Park Lane,Hamstead Marshall,RG20 0HL
35,Wallis Drive,Bramley,RG26 5XQ
6,Church Road,Aldermaston,RG7 4LT
Deep Well Cottage,Oakley Lane,Oakley,RG23 7JZ
Aldunne House,Brummell Road,Newbury,RG14 1TN
5,Mill Mead,Overton,RG25 3FD
117,Warborough Avenue,Tilehurst,RG31 5LF
6,Donnington Place,Winnersh,RG41 5TN
49,Grainger Close,Basingstoke,RG22 4DZ
44,Prospect Street,Caversham,RG4 8JL
57,Western Way,Basingstoke,RG22 6DF
6,Fir Tree Paddock,West Ilsley,RG20 7AY
108,Moordale Avenue,Bracknell,RG42 1TE
5,Cleveland Close,Basingstoke,RG22 5AN
14,Highmoors,Chineham,RG24 8XR
21,Grensell Close,Eversley,RG27 0QQ
Woodcote,Cold Ash Hill,Cold Ash,RG18 9PJ
136,Paddock Road,Newbury,RG14 7DH
12,Kintbury Walk,Reading,RG30 3HE
The Istana,Lambs Lane,Spencers Wood,RG7 1JB
71,Wealden Way,Tilehurst,RG30 6DA
Heather Barn,Croft Lane,Newbury,RG14 1RR
Corner House,Long Meadow,Goring,RG8 9EG
2,New Road,Sindlesham,RG41 5DX
13,Dundee Gardens,Basingstoke,RG22 5DX
Octagon House,John Nike Way,Bracknell,RG12 8TN
60,Buckingham Drive,Emmer Green,RG4 8SA
3,Yew Tree Court,Goring,RG8 9HF
4,Concorde Place,Tadley,RG26 3AN
Shurlock Stables,Twyford Road,Binfield,RG42 5QE
7,Griffiths Close,Thatcham,RG19 4FH
Forest Side,Aldermaston Road,Pamber Green,RG26 3AE
3,Clayside,Finchampstead,RG40 3PF
14,Lime Close,Newbury,RG14 2PW
Eddington House,Wantage Road,Eddington,RG17 0PL
92,Andover Road,Newbury,RG14 6JR
3,Hamble Close,Oakley,RG23 7AJ
Disacre,Stoke Row Road,Peppard Common,RG9 5LS
3,Woolston Place,Sherfield On Loddon,RG27 0FH
53,Havelock Road,Wokingham,RG41 2XU
2,Baldons Close,Woodcote,RG8 0SQ
70,Cressingham Road,Reading,RG2 7JS
6,Tylers Place,Tilehurst,RG30 6BW
15,Kennet Place,Burghfield Common,RG7 3NN
West View,Fairfield Road,Goring,RG8 0EY
36,Park Walk,Purley On Thames,RG8 8BT
13,Fletcher Close,Basingstoke,RG21 8AZ
10,Falcon Close,Basingstoke,RG22 5PP
Hollywell,Baughurst Road,Baughurst,RG26 5LL
5,Wood Green Close,Reading,RG30 2AW
26,Norn Hill Close,Basingstoke,RG21 4HF
8,High Street,Odiham,RG29 1LG
13,Rotherfield Road,Henley-On-Thames,RG9 1NR
1,Pitts Close,Binfield,RG42 4ES
April Cottage,Park Lane,Hamstead Marshall,RG20 0HL
6,Enborne Gardens,Bracknell,RG12 2LF
21,Frieth Close,Earley,RG6 5UY
The Wellingtons,Easthampstead Road,Wokingham,RG40 3BW
3,Bliss Close,Brighton Hill,RG22 4EJ
1,Priors Wood,Crowthorne,RG45 6BZ
7,Baston Road,Arborfield Green,RG2 9ZW
88,Vauxhall Drive,Woodley,RG5 4EH
4,St Martins Close,Lower Earley,RG6 4BS
16,Woodwaye,Woodley,RG5 3HA
1,Chatter Lane,Whitchurch,RG28 7DT
4,Conisboro Way,Caversham,RG4 7HT
6,Pitman Close,Basingstoke,RG22 6LX
64,Millbank Crescent,Woodley,RG5 4ER
12,Gravett Close,Henley-On-Thames,RG9 1XW
18,Sullivan Road,Brighton Hill,RG22 4DX
17,Nightingale Crescent,Bracknell,RG12 9PY
75,- 81 Southampton Street,Reading,RG1 2QU
5,Dancers Meadow,Sherborne St John,RG24 9LT
5,Broadmoor Road,Waltham St Lawrence,RG10 0HY
13,Hungerford Drive,Reading,RG1 6JA
5,Hop Gardens,Kintbury,RG17 9AB
125,Whiteknights Road,Reading,RG6 7BB
7,Woolton Lodge Gardens,Woolton Hill,RG20 9SU
5,Freesia Close,Wokingham,RG41 3NE
5,Alpine Court,Basingstoke,RG22 5EF
37,Skilton Road,Tilehurst,RG31 6SG
Dean Cottage,London Road,Hartley Wintney,RG27 8RP
6,Leaden Vere,Long Sutton,RG29 1TS
4,Rye Cottages,Three Mile Cross,RG7 1HE
1,Ashton Villas,Binfield,RG42 5JE
3,Corn Croft,Warfield,RG42 3SF
13,Challis Place,Bracknell,RG42 1FT
34,Elms Road,Wokingham,RG40 2AA
Highcroft House,Deadmoor Lane,Newtown,RG20 9DL
20,Little Street,Reading,RG1 7PB
2,The Naylors,Swallowfield,RG7 1RZ
Oakley House,Hogwood Lane,Finchampstead,RG40 4QW
10,Bankside,Finchampstead,RG40 3QB
10,Norman Keep,Warfield,RG42 7UY
2,The Weir,Whitchurch,RG28 7JA
7,Stork House Drive,Lambourn,RG17 8ND
Advocator Inn,High Street,Twyford,RG10 9AE
Willow Copse,Crossways,Kintbury,RG17 9ST
6,Tonkins Drive,Thatcham,RG19 4RH
13,Wantage Road,Lambourn,RG17 8YG
The Willows,Rogers Lane,East Garston,RG17 7HE
3,Fort Hill Drive,Basingstoke,RG23 8JY
Exmoor,Adbury Holt,Newtown,RG20 9BN
112,Waterloo Road,Crowthorne,RG45 7NW
11,Irvine Crescent,Basingstoke,RG24 9TS
18,Cranbury Road,Reading,RG30 2XD
2,Greencroft,Wokingham,RG40 1QE
27,Blagrove Drive,Wokingham,RG41 4BD
5,Corelli Road,Basingstoke,RG22 4NB
8,Bideford Close,Woodley,RG5 3SE
3,Poplar Avenue,Tilehurst,RG30 4JH
9,Lyford Road,Basingstoke,RG21 5PR
Park Corner House,High Street,Hartley Wintney,RG27 8NU
1,Bramley Court,Crowthorne,RG45 6EQ
12,Waterham Road,Bracknell,RG12 7NE
2,The Old Lane,Reading,RG1 6DB
39,Mill Green,Binfield,RG42 4BJ
6,Church Brook,Tadley,RG26 4AY
38,Greys Hill,Henley-On-Thames,RG9 1SJ
6,Southcote Farm Lane,Reading,RG30 3DS
10,Finstock Close,Lower Earley,RG6 4JX
74,Winscombe,Bracknell,RG12 8UE
4,Old Barn Cottages,Whitchurch On Thames,RG8 7EZ
11,Almond Close,Old Basing,RG24 7DW
10,Western End,Newbury,RG14 5NT
20,Arundel Gardens,Basingstoke,RG23 8HQ
15,Greenacres Avenue,Winnersh,RG41 5SX
120,Dee Road,Tilehurst,RG30 4BL
17,Sylvan Walk,Reading,RG30 3HJ
196,Oxford Road,Reading,RG30 1AA
46,Kenton Road,Earley,RG6 7LG
189,Southampton Street,Reading,RG1 2RB
3,Surley Place,Emmer Green,RG4 8NF
1,Bridge Road,North Warnborough,RG29 1EW
60,Gipsy Lane,Wokingham,RG40 2BS
Flat 2,Kidmore Road,Caversham,RG4 7NA
87,Westwood Road,Tilehurst,RG31 5PY
26,Pascal Crescent,Shinfield,RG2 9FP
71,Enborne Road,Newbury,RG14 6AP
8,Heathermount Gardens,Crowthorne,RG45 6HW
2,Keepers Cottages,Pingewood,RG30 3UG
3,Brook Green,Bracknell,RG42 1UJ
2,Railway Terrace,Mortimer,RG7 3PA
50,Tawfield,Bracknell,RG12 8YU
84,Wentworth Avenue,Reading,RG2 8JL
40,Cranbury Road,Reading,RG30 2XD
28,Parkway,Crowthorne,RG45 6EN
324,Finchampstead Road,Finchampstead,RG40 3JB
27,Doric Avenue,Chineham,RG24 8NW
4,Blagrove Drive,Wokingham,RG41 4BB
56,Thirlmere Avenue,Tilehurst,RG30 6XN
The Coppers,Penny Lane,Wargrave,RG10 8PB
71,Wentworth Crescent,Beggarwood,RG22 4WU
12,Farleigh Rise,Basingstoke,RG21 3BS
29,Lowfield Road,Caversham,RG4 6NL
111,Usk Road,Tilehurst,RG30 4HT
174,Overdown Road,Tilehurst,RG31 6NT
Laundry Cottage,Park Lane,Finchampstead,RG40 4QS
25,Loverock Road,Reading,RG30 1DZ
18,- 20 The Green,Brightwalton,RG20 7BH
43,St Georges Terrace,Reading,RG30 2QN
257,Lower Way,Thatcham,RG19 3TR
120,Boundary Road,Newbury,RG14 7NX
9,Pendred Road,Reading,RG2 8QL
221,London Road,Wokingham,RG40 1RA
14,Ploughlands,Bracknell,RG42 1XJ
16,Maple Drive,Crowthorne,RG45 6SG
Astley Lodge,Cross Lane,Ashmansworth,RG20 9ST
170,Quilter Road,Brighton Hill,RG22 4HB
The Combes,Foxley Lane,Binfield,RG42 4DB
45,College Piece,Mortimer,RG7 3XF
16,Manor Park Drive,Finchampstead,RG40 4XE
58,Elmhurst Road,Thatcham,RG18 3DH
4,Downfield Road,Waltham St Lawrence,RG10 0HU
3,Oakridge,Wash Water,RG20 0LE
40,Tidmarsh Street,Reading,RG30 1HX
41,Pine Drive,Finchampstead,RG40 3LD
4,Cooper Place,Newbury,RG14 6EL
8,Harvest Close,Tilehurst,RG31 4ES
257,Old Worting Road,Basingstoke,RG22 6NX
1,St Michaels Cottages,Wokingham,RG40 3DU
19,Lefroy Avenue,Basingstoke,RG21 5LR
63,Wallingford Road,Goring,RG8 0HL
Hurst Farm,Ermin Street,Lambourn Woodlands,RG17 7TP
24,Sullivan Road,Brighton Hill,RG22 4DX
5,Colston Close,Calcot,RG31 7EQ
5,Dunster Close,Caversham,RG4 6RY
55,Woodlands Avenue,Woodley,RG5 3HF
Laureston,Cleeve Road,Goring,RG8 9BG
19,White House Close,Basingstoke,RG22 6HD
White Cottage,Denmark Avenue,Woodley,RG5 4RS
Linden House,Burnt Hill,Yattendon,RG18 0XF
1,Broadoak,Tadley,RG26 3UZ
69,Lowther Road,Wokingham,RG41 1JB
5,Tickenor Drive,Finchampstead,RG40 4UD
12,Anstey Place,Burghfield Common,RG7 3NQ
17,Moriston Close,Reading,RG30 2PW
155,Holbeck,Bracknell,RG12 8XG
3,Ramsbury Terrace,Hungerford,RG17 0SH
7,Meadowview,Hungerford,RG17 0YY
21,Abbots Road,Burghfield Common,RG7 3LE
3,Barker Crescent,Hook,RG27 9FR
Fox Cottage,Fox Lane,Eversley Cross,RG27 0NQ
7,Horn Street,Compton,RG20 6QS
14,Olivers Close,Bramley,RG26 5UL
Swallows Barn,Rockwell End,Hambleden,RG9 6NG
5,Stratford Way,Tilehurst,RG31 5XT
13,Grove Road,Basingstoke,RG21 3BE
250,Hyde End Road,Spencers Wood,RG7 1DH
Byford House,New Mill Lane,Eversley,RG27 0RA
10,Brownlow Road,Reading,RG1 6NP
8,Maiden Place,Lower Earley,RG6 3HA
1,Lawson Drive,Caversham,RG4 7XJ
Flat 6,Wokingham Road,Reading,RG6 1LP
69,Acorn Drive,Wokingham,RG40 1EQ
11,Maple Close,Winnersh,RG41 5PE
57,Craig Avenue,Reading,RG30 2PJ
6,Majendie Close,Speen,RG14 1QX
1,Ely Grove,Newbury,RG14 2RL
1,Duncan Road,Woodley,RG5 4HR
Westley Mill Farm,Westley Mill Lane,Binfield,RG42 5QT
River Pang Cottage,Tidmarsh Road,Pangbourne,RG8 7AY
Yaldens Cottage,Bramshill Road,Eversley,RG27 0PS
3,Hawley Mews,Reading,RG30 2EY
5,Farrier Street,Newbury,RG14 7WP
24,Tintern Close,Basingstoke,RG24 9HE
5,Mull Close,Oakley,RG23 7LQ
1,Butlers Pond,Whitchurch Hill,RG8 7PF
3,Candover Court,Beggarwood,RG22 4PG
32,Manor Road,Henley-On-Thames,RG9 1LU
11,Regis Close,Reading,RG2 8TA
5,Herriard Place,Beggarwood,RG22 4FR
Streatley House Gardens,Vicarage Lane,Streatley,RG8 9HX
3,Flower Pot Cottages,North Waltham,RG25 2BB
Berrydown House,Berrydown Lane,Preston Candover,RG25 2HG
21,Woodlands Road,Baughurst,RG26 5PA
Coach House,Basingstoke Road,Swallowfield,RG7 1PT
3,The Pightle,Peasemore,RG20 7JS
The Driftway,Heads Lane,Inkpen Common,RG17 9QS
Le Serget,New Road Hill,Midgham,RG7 5RY
The Old School House,The Pit,Sonning,RG4 6XS
Old Turgis Hall,Reading Road,Stratfield Turgis,RG27 0AU
24,- 25 Broad Street,Reading,RG1 2BT
58,Eldart Close,Tilehurst,RG30 4BX
4,Hedgerow Close,Basingstoke,RG23 7FT
11,Fir Tree Lane,Newbury,RG14 2QX
20,Frilsham Road,Reading,RG30 3LH
91,Grove Road,Emmer Green,RG4 8LW
Wilders Grove Farm,Ryeish Lane,Spencers Wood,RG7 1EL
23,Hurst Road,Twyford,RG10 0AG
30,Dunford Place,Binfield,RG42 4UQ
8,Guernsey Place,Three Mile Cross,RG7 1FZ
40,Coppice Pale,Chineham,RG24 8JU
5,Bassett Close,Lower Earley,RG6 4JL
36,Darby Vale,Warfield,RG42 2PQ
20,Balmore Park,Caversham,RG4 8PU
Greystone Cottage,Colmore Lane,Kingwood,RG9 5NA
The Boat House,High Street,Goring,RG8 9AB
22,Medina Close,Wokingham,RG41 3TZ
38,Alston Mews,Thatcham,RG19 3XF
4,Lipscombe Close,Herriard,RG25 2PT
41,Appledore,Bracknell,RG12 8QY
81,Windsor Court,Newbury,RG14 5XG
20,Holmbury Avenue,Crowthorne,RG45 6TQ
Barn East,Adbury Park,Adbury,RG20 4HE
1,Old Farm Drive,Basingstoke,RG22 5FL
Fairfield Cottage,Fairfield Road,Goring,RG8 0EU
Church Cottage,Church Road,North Waltham,RG25 2BL
Oak Lea,Woodbine Lane,Burghclere,RG20 9EB
200,Reading Road,Henley-On-Thames,RG9 1ES
Great House Cottage,Back Lane,Bradfield,RG7 6DJ
13,Heroes Walk,Reading,RG2 8TY
7,Avon Walk,Basingstoke,RG21 4DJ
49,Pell Street,Reading,RG1 2NX
3,Percival Place,Old Basing,RG24 7AD
61,Windmill Road,Mortimer Common,RG7 3RJ
436,Reading Road,Winnersh,RG41 5EP
10,Greenlands Road,Newbury,RG14 7JU
21,Martin Close,Woodley,RG5 3PJ
11,Compass Field,Hook,RG27 9SH
7,Gravett Close,Henley-On-Thames,RG9 1XW
37,Kingsmill Road,Basingstoke,RG21 3JU
Tarn Cottage,Tarn Lane,Newbury,RG14 6JD
Camomile,Shop Lane,Leckhampstead,RG20 8QG
3,Charlotte Close,Caversham,RG4 7BY
7,Priors Corner,North Warnborough,RG29 1GB
60,Keepers Coombe,Bracknell,RG12 0TW
Derwent,Kennedy Drive,Pangbourne,RG8 7LB
17,Cavendish Court,Newbury,RG14 2RY
1,Easter Square,Basingstoke,RG24 9GL
Holly House,Sherfield Green,Sherfield On Loddon,RG27 0EN
33,Peppard Road,Caversham,RG4 8NR
45,Breachfield,Burghclere,RG20 9HZ
4,Kings Acre,Wargrave,RG10 8BW
72,Lochinver,Bracknell,RG12 7LD
18,King Street Lane,Winnersh,RG41 5AS
Gatehouse Lodge,The Avenue,Chapel Row,RG7 6NN
Bosley Patch,Marlow Road,Henley-On-Thames,RG9 2HZ
85,Wantage Road,Reading,RG30 2SN
8,Woodthorne Close,Tilehurst,RG31 6XU
1,Chapel Close,Dummer,RG25 2AB
4,Kiln Ride,Finchampstead,RG40 3JL
123,Mays Lane,Earley,RG6 7DG
Clereview,Hollington Lane,Highclere,RG20 9SA
11,Kennet Road,Newbury,RG14 5JA
41,Knights Way,Emmer Green,RG4 8RJ
73,Royal Avenue,Calcot,RG31 4UR
96,Broad Street,Reading,RG1 2AP
27,St Marys Avenue,Bramley,RG26 5UU
14,Ploughlands,Bracknell,RG42 1XJ
15,Stirling Close,Crowthorne,RG45 6JF
14,Shepherds Lane,Caversham,RG4 7JH
Firhill Cottage East,High Street,Whitchurch On Thames,RG8 7HQ
Rotherleigh House,Harpsden Way,Henley-On-Thames,RG9 1NS
47,Shelley Avenue,Bracknell,RG12 2RP
6,Roundhead Road,Theale,RG7 5DL
9,Highwood Close,Shaw,RG14 2EJ
18,New Wokingham Road,Crowthorne,RG45 6JL
40,Beverley Road,Tilehurst,RG31 5PT
6,Tigerseye Close,Wokingham,RG41 3TR
Old Stables,New Road,Tadley,RG26 3AS
31,Southern Haye,Hartley Wintney,RG27 8TZ
The Rise,Aldermaston Road,Pamber Green,RG26 3AF
15,Micheldever Road,Whitchurch,RG28 7JD
1,Wildmoor Farm Cottages Wildmoor Lane,Sherfield On Loddon,RG27 0HE
26,Bowyer Crescent,Wokingham,RG40 1TF
24,Shiplake Bottom,Peppard Common,RG9 5HL
35,Brighton Road,Reading,RG6 1PS
55,Waverley Road,Reading,RG30 2QB
10,Seaford Road,Wokingham,RG40 2EL
8,Meadowsweet Lane,Warfield,RG42 5AA
11,Braybrooke Road,Wargrave,RG10 8DU
18,Woodland Close,Woodley,RG5 4FG
Searchers,Wildmoor,Sherfield On Loddon,RG27 0HQ
10,Wharf Side,Padworth,RG7 4JS
5,Dene Close,Bracknell,RG12 2JF
Grange Court,Grange Close,Goring,RG8 9DL
Harriers,Hunts Common,Hartley Wintney,RG27 8AB
David Lloyd Sports Centre,Thames Valley Park Drive,Reading,RG6 1PT
12,Pearson Way,Woodley,RG5 3QH
115,Mayfield Drive,Caversham,RG4 5JR
32,Frescade Crescent,Basingstoke,RG21 3NF
56,Cardiff Road,Reading,RG1 8EP
8,Blackbird Close,Basingstoke,RG22 5QL
18,Lowther Road,Wokingham,RG41 1JD
84,Reading Road,Henley-On-Thames,RG9 1DA
11,Tanners Row,Wokingham,RG41 4EL
3,Cherry Tree Close,Stoke Row,RG9 5RD
68,Kestrel Road,Basingstoke,RG22 5PL
75,Digby Road,Newbury,RG14 1TT
24,Norwood Road,Reading,RG1 3LD
2,Simmons Fields,Charvil,RG10 9UW
13,Appian Way,Chineham,RG24 8BH
3,Elmtree Cottages,Skirmett,RG9 6SU
Keepers Cottage,Frost Hill,Overton,RG25 3EE
35,Fleetham Gardens,Lower Earley,RG6 4BZ
Pear Tree Cottage,Winston Avenue,Tadley,RG26 3NZ
Glenholme,Newbury Road,Hermitage,RG18 9TB
2,Mapledurham View,Tilehurst,RG31 6LF
4,The Moors,Thatcham,RG19 3YZ
4,Sainfoin Lane,Oakley,RG23 7HY
18,The Hollands,Thatcham,RG19 4LU
Harwin,Chapel Lane,Spencers Wood,RG7 1BE
27,School Green,Shinfield,RG2 9EE
The Hawthornes,Goodboys Lane,Grazeley Green,RG7 1ND
6,The Shires,Wokingham,RG41 4SZ
9,Cavendish Gardens,Winnersh,RG41 5TG
12,Thurnscoe Close,Lower Earley,RG6 4AL
Eggleton Cottage,Chavey Down Road,Winkfield Row,RG42 7PN
2,Walnut Tree Court,Goring,RG8 9HW
Tamarisk,Tubbs Lane,Highclere,RG20 9PP
27,Auckland Road,Reading,RG6 1NY
89,Hawkesbury Drive,Calcot,RG31 7ZR
2,Brooklyn Drive,Emmer Green,RG4 8SS
3,Parkway,Crowthorne,RG45 6ER
1,Nimrod Close,Woodley,RG5 4UW
3,Macaulay Close,Binfield,RG12 8DP
7,Fairlop Close,Calcot,RG31 7EF
5,Tomlinson Drive,Finchampstead,RG40 3NZ
17,The Close,Woodcote,RG8 0SB
3,Tiverton Close,Woodley,RG5 3BE
4,Hawthorn Way,Sonning,RG4 6TG
27,Moorhen Drive,Lower Earley,RG6 4NZ
3,Clerken Green,Oakley,RG23 7EP
81,Berwyn Close,Basingstoke,RG22 5BL
1,Peckmoor Drive,Greenham,RG19 8BX
36,Stephens Firs,Mortimer,RG7 3UY
27,Durand Road,Earley,RG6 5YU
Fairview,Wedmans Lane,Rotherwick,RG27 9BT
28,Millers Road,Tadley,RG26 4LW
78,Crockhamwell Road,Woodley,RG5 3LA
26,Dark Lane,Wargrave,RG10 8JU
The Homestead,Harts Lane,Burghclere,RG20 9JT
Oak Tree Cottage,Aldworth Road,Upper Basildon,RG8 8NH
Windbreak,Sulham Lane,Sulham,RG8 8EA
25,Mill End,Hambleden,RG9 3BJ
53,Upper Broadmoor Road,Crowthorne,RG45 7DW
17,Greys Road,Henley-On-Thames,RG9 1SB
7,Staverton Road,Reading,RG2 7JX
2,Swanston Cottages,Whitchurch On Thames,RG8 7ES
83,Clares Green Road,Spencers Wood,RG7 1DU
Kaikoura,Folly Road,Inkpen,RG17 9QB
33,Hopwood Close,Newbury,RG14 2PG
3,Blacklands Road,Upper Bucklebury,RG7 6QP
12,Retford Close,Woodley,RG5 4TP
6,Weardale Close,Reading,RG2 7JD
356,Hemdean Road,Caversham,RG4 7QJ
Karusel,Hampstead Norreys Road,Hermitage,RG18 9RS
115,Berkeley Avenue,Reading,RG1 6HS
8,Chichester Place,Basingstoke,RG22 6HB
8,Rhigos,Emmer Green,RG4 8LF
6,Portway Place,Basingstoke,RG23 8DT
9,Roby Drive,Bracknell,RG12 7FG
22,Long Barn Lane,Reading,RG2 7SZ
3,Gainsborough Crescent,Henley-On-Thames,RG9 1TB
11,Edgar Milward Close,Tilehurst,RG30 6AA
51,Falcon Way,Bracknell,RG12 8DQ
Cattle Copse Cottage,Basingstoke Road,Heckfield,RG27 0LL
4,Charlotte Mews,Henley-On-Thames,RG9 1FY
Fieldridge House,Ermin Street,Shefford Woodlands,RG17 7AT
4,Knight Street,Basingstoke,RG21 8AX
29,Craven Road,Reading,RG1 5LE
Cross Lane Cottage,Pound Lane,Hurst,RG10 0RS
11,The Green,Chieveley,RG20 8TD
11,Lysander Drive,Bracknell,RG12 9NZ
2,Angel Court,Theale,RG7 5JZ
27,Eric Avenue,Emmer Green,RG4 8QU
April Cottage,Goffs Hill,Crays Pond,RG8 7QA
3,Highgrove Place,Ruscombe,RG10 9LF
99,Abbey Road,Basingstoke,RG24 9EB
Yew Tree Cottage,Mays Lane,Padworth Common,RG7 4QP
Meadowside,Russett Close,Riseley,RG7 1SF
370,Worting Road,Basingstoke,RG22 5DZ
3,Coppice Close,Baughurst,RG26 5LJ
22,Baron Court,Reading,RG30 2BP
Nightingale,Carters Hill,Billingbear,RG40 5RT
18,Victoria Road,Tilehurst,RG31 5AD
55,Lyon Road,Crowthorne,RG45 6RX
Flat 3,Cintra Avenue,Reading,RG2 7AU
14,Bearwood Road,Wokingham,RG41 4TD
38,Crockhamwell Road,Woodley,RG5 3LE
Pheasants Cottage,Parmoor,Hambleden,RG9 6NZ
9,Wanbourne Lane,Nettlebed,RG9 5AH
38,Shaw Park,Crowthorne,RG45 7QL
8,Big Lane,Lambourn,RG17 8XQ
Tintagel,Knights Lane,Ball Hill,RG20 0NP
41,Holt Way,Hook,RG27 9LG
30,Heron Park,Lychpit,RG24 8UJ
36,Oxford Street,Caversham,RG4 8HN
4,Artillery Drive,Thatcham,RG19 4RW
33,Tredegar Road,Emmer Green,RG4 8PE
Old Brick Cottage,Tubbs Lane,Highclere,RG20 9PG
385,Abbey Road,Basingstoke,RG24 9EL
3,Stanley Road,Wokingham,RG40 1SX
3,Lancaster Close,Thatcham,RG18 3FJ
103,Gipsy Lane,Wokingham,RG40 2BW
102,Westwood Road,Tilehurst,RG31 5PP
18,Northfield Road,Thatcham,RG18 3ET
15,Woodlands Avenue,Burghfield Common,RG7 3HU
1,Cedar Drive,Bracknell,RG42 2LG
11,Rockbourne Gardens,Tilehurst,RG30 6AU
195,London Road,Reading,RG1 3NX
23,Dominica Close,Basingstoke,RG24 9PG
5,Normanton Road,Basingstoke,RG21 5QR
Cheriton House,Lime Avenue,Kingwood,RG9 5WB
16,Western Way,Basingstoke,RG22 6DB
39,Kenton Road,Earley,RG6 7LQ
456,Oxford Road,Reading,RG30 1EE
17,Coniston Close,Woodley,RG5 4AY
25,Hollerith Rise,Bracknell,RG12 7GJ
32,Harcourt Road,Bracknell,RG12 7JD
11,Bix Common,Bix,RG9 6BS
143,Easthampstead Road,Wokingham,RG40 2JB
39,Wylam,Bracknell,RG12 8XS
1,Castle Road,Basingstoke,RG21 3PZ
68,Rodway Road,Tilehurst,RG30 6DT
138,Moordale Avenue,Bracknell,RG42 1TH
8,Markby Way,Lower Earley,RG6 3BG
6,Buttermere Gardens,Bracknell,RG12 9DQ
209,Greys Road,Henley-On-Thames,RG9 1SP
2,Edgcumbe Park Drive,Crowthorne,RG45 6EG
Leckhampstead Farm House,The Thicket,Leckhampstead,RG20 8QN
10,Brooklands Walk,Crowthorne,RG45 6QW
309,Barkham Road,Wokingham,RG41 4DG
Merifield House,Church Farm Barns,Mortimer,RG7 3NU
2,Merton Ford,Wokingham,RG40 2HQ
5,Oakdale Close,Tilehurst,RG31 5BZ
29,Rose Kiln Lane,Reading,RG2 0ST
Hartford Lodge,Cricket Green,Hartley Wintney,RG27 8PG
Combe Haven,The Firs,Inkpen,RG17 9PT
16,Cinnamon Close,Earley,RG6 5GP
Swan Cottage,Hook Road,North Warnborough,RG29 1EX
Croft Cottage,Chalk Hill,Harpsden,RG9 4HN
16,Nuthurst,Bracknell,RG12 0UN
16,Pipit Green,Bracknell,RG12 8BY
50,Florence Gardens,Thatcham,RG18 3HA
41,Heather Drive,Thatcham,RG18 4BU
101,Wrekin Close,Basingstoke,RG22 5BZ
Crossways,Ashford Hill Road,Ashford Hill,RG19 8BB
14,West Ham Close,Basingstoke,RG22 6PF
Cobwebs,Bartley Heath,North Warnborough,RG29 1HD
8,Ennerdale,Bracknell,RG12 7RT
Quince Cottage,Hillcrest Lane,Peppard Common,RG9 5JF
Woodlands,Bath Road,Speen,RG14 1RG
199,Oxford Road,Reading,RG1 7UZ
1,Pinnell Close,Basingstoke,RG22 4XP
19,Horseshoe Park,Pangbourne,RG8 7JW
85,Admirals Court,Reading,RG1 6SS
19,Beatty Rise,Spencers Wood,RG7 1FQ
The Moorings,Bridle Way,Goring,RG8 0HS
9,Bunting Mews,Basingstoke,RG22 5UA
Flat 14,Sunapee Road,Reading,RG2 6BN
49,Cheap Street,Newbury,RG14 5BX
3,Burydown Mead,North Waltham,RG25 2SX
6,Dunsford Crescent,Basingstoke,RG23 8HN
81,Cambrian Way,Basingstoke,RG22 5AJ
20,Vine Crescent,Reading,RG30 3LU
16,Calfridus Way,Bracknell,RG12 9ET
2,Church Lane,Rotherfield Peppard,RG9 5JS
7,The Beeches,Woodley,RG5 4BJ
29,London Road,Thatcham,RG18 4GE
Flat 1,Lance Way,Arborfield Green,RG2 9YZ
163,Silverdale Road,Earley,RG6 7ND
10,Westminster Close,Basingstoke,RG22 4PP
15,Sandleford Lane,Greenham,RG19 8XQ
10,Loyalty Lane,Old Basing,RG24 7LD
2,Carbonel Close,Basingstoke,RG23 8HR
1,Green Acre Mount,Tilehurst,RG30 4UD
49,Pennine Way,Basingstoke,RG22 5AF
Petrona,Theale Road,Burghfield,RG30 3TN
1,Edwin Close,Thatcham,RG19 4GW
10,Sheppard Road,Basingstoke,RG21 3HS
4,Addiscombe Road,Crowthorne,RG45 7JY
18,St Andrews Road,Henley-On-Thames,RG9 1JB
5,Bix Common,Bix,RG9 6BS
2,Marshland Square,Emmer Green,RG4 8RP
Kingswood House,Tag Lane,Hare Hatch,RG10 9ST
The Cottage,Rawlins Farm,Charter Alley,RG26 5PU
111,Winterthur Way,Basingstoke,RG21 7UH
36,Radical Ride,Finchampstead,RG40 4UH
4,Westward Ho,Eversley Centre,RG27 0NZ
31,Fletton Link,Hermitage,RG18 9WR
23,Beech Rise,Sonning Common,RG4 9TJ
The Millers Cottage,Pack & Prime Lane,Henley-On-Thames,RG9 1TT
32,Lea Road,Sonning Common,RG4 9LJ
73,Westmorland Drive,Warfield,RG42 3QW
1,Maple Crescent,Basingstoke,RG21 5SX
12,Lamtarra Way,Newbury,RG14 7WB
30,Glasspool Road,Winnersh,RG41 5SB
The New Hay House,Blindmans Gate,Woolton Hill,RG20 9XB
23,Liverpool Road,Reading,RG1 3PP
22,Whittle Close,Finchampstead,RG40 4JH
9,Clanfield Crescent,Tilehurst,RG31 6QN
North Lodge,Easthampstead Park,Wokingham,RG40 3DD
April Willows,Micklands Road,Caversham,RG4 6LT
36,New Road,Tadley,RG26 3LB
Flat 2,Fairmile,Henley-On-Thames,RG9 2JR
55,Christchurch Road,Reading,RG2 7AT
Chadmore Dene,Gipsy Lane,Wokingham,RG40 2HP
16,Windmill Road,Bracknell,RG42 1TT
1,Gannet Close,Basingstoke,RG22 5QJ
Whitehouse,Manor Road,Goring,RG8 9EB
55,West Street,Newbury,RG14 1BE
Lincoln House,Newtown Road,Newbury,RG14 7HA
87,Knightswood,Bracknell,RG12 7ZR
37,Kirby Drive,Bramley,RG26 5EQ
36,Dominica Close,Basingstoke,RG24 9PG
37,Priest Avenue,Wokingham,RG40 2LT
86,Lowfield Road,Caversham,RG4 6PB
11,New Acres,Wokingham,RG40 3LZ
8,Stephanie Chase Court,Wokingham,RG40 1UZ
3,Oak Drive,Newbury,RG14 6PD
2,Rectory Cottages,East End,RG20 0AJ
Keepers Cottage,Plough Lane,Bramshill,RG27 0RF
Ridgewood,Court Drove,Overton,RG25 3ES
118,Old Kempshott Lane,Basingstoke,RG22 5EP
9,Penny Royal,Goring Heath,RG8 7SD
Hinton Lodge,Hinton Hatch,Twyford,RG10 0LT
Park Corner House,High Street,Hartley Wintney,RG27 8NU
22,Shaftesbury Road,Reading,RG30 2QP
Red Gables,Nine Mile Ride,Wokingham,RG40 3LU
The Paddocks Cottage,Enborne Street,Enborne,RG20 0JP
Goose At The Station,Station Road,Bracknell,RG12 1HY
Eureka,Chapel Drive,Beech Hill,RG7 2BH
35,Ash Road,Tilehurst,RG30 4SG
R S A House,Western Road,Bracknell,RG12 1RT
Loddon Reach,Reading Road,Arborfield,RG2 9HU
15,Kenton Road,Earley,RG6 7LQ
Flat 6,Oscar Wilde Road,Reading,RG1 3FA
Nightingales,Trapps Hill,Inkpen,RG17 9QN
101,Pack Lane,Basingstoke,RG22 5HH
3,Tewkesbury Close,Basingstoke,RG24 9DU
263,Oxford Road,Reading,RG1 7PY
35,Gosbrook Road,Caversham,RG4 8BT
255,Gosbrook Road,Caversham,RG4 8DX
253,Loddon Bridge Road,Woodley,RG5 4BL
7,Cockney Hill,Tilehurst,RG30 4HF
22,Orkney Close,Basingstoke,RG24 9AR
26,Campbell Road,Woodley,RG5 3NA
Flat 2,Tilehurst Road,Reading,RG30 2JH
21,Bow Drive,Sherfield On Loddon,RG27 0EQ
High Barn,Spring Lane,Goring,RG8 0HR
Yew Tree Cottage,Greys Green,Rotherfield Greys,RG9 4QQ
1,Battle Mews,Basingstoke,RG24 9XJ
15,Loom Close,Whitchurch,RG28 7FT
4,Vicarage Lane,Cold Ash,RG18 9PX
1,Clematis Cottages,Silchester,RG7 2NN
57,Corwen Road,Tilehurst,RG30 4ST
80,Highmoor Road,Caversham,RG4 7BE
82,Bounty Road,Basingstoke,RG21 3BZ
8,Montacute Drive,Thatcham,RG19 4GE
7,Broad Hinton,Twyford,RG10 0LQ
The Bramshill Hunt,Bramshill Close,Arborfield,RG2 9PL
21,York Road,Hungerford,RG17 0DF
5,Fulmar Close,Basingstoke,RG22 5JR
Porth Mallin,Pierces Hill,Tilehurst,RG31 6RD
17,Fir Cottage Road,Finchampstead,RG40 4RY
34,Clevedon Road,Tilehurst,RG31 6RL
88,Oakridge Road,Basingstoke,RG21 5SQ
1,The Paddock,Hartley Wintney,RG27 8UB
22,Harveys Field,Overton,RG25 3BZ
9,Bexmoor Way,Old Basing,RG24 7BL
Rosemount,Garden Close Lane,Newbury,RG14 6PR
1,Skippons Close,Newbury,RG14 6SE
Pheasants View,Ryehurst Lane,Binfield,RG42 5QZ
Acres Of Fun Day Nursery,Priors Court Road,Hermitage,RG18 9SQ
9,Sullivan Road,Brighton Hill,RG22 4DP
April Cottage,Shop Lane,Leckhampstead,RG20 8QG
Kings Cottage,Goring Lane,Goddards Green,RG7 3AY
8,Badgers Croft,Mortimer Common,RG7 3SW
1,Brant Close,Arborfield Cross,RG2 9PF
49,Highland Drive,Oakley,RG23 7LY
3,Loddon View,Twyford,RG10 0AW
13,Orchard Coombe,Whitchurch Hill,RG8 7QL
3,St Patricks Close,East Ilsley,RG20 7JZ
Rose Cottage,Beech Hill Road,Beech Hill,RG7 2AZ
27,Thirlmere Avenue,Tilehurst,RG30 6XR
1,Hampshire Close,Basingstoke,RG22 5JT
11,Heron Way,Kempshott,RG22 5QF
18,Elen Place,Bracknell,RG42 2AQ
8,Wakeford Close,Pamber Heath,RG26 3HR
12,Hazeldene,Chineham,RG24 8ZT
11,Coningham Road,Reading,RG2 8QP
8,Foxglove Way,Thatcham,RG18 4DA
15,Clifton Road,Wokingham,RG41 1LU
46,Burney Bit,Pamber Heath,RG26 3TN
Fountain Gardens,Ashridge Court,Newbury,RG14 7LQ
69,Sandhurst Road,Crowthorne,RG45 7PN
3,Ashdown Close,Bracknell,RG12 2SE
60,Stockton Road,Reading,RG2 8AH
60,Malone Road,Woodley,RG5 3NJ
35,Southdown Road,Tadley,RG26 4BS
Chester Cottage,High Street,Lambourn,RG17 8XN
15,Blake Close,Crowthorne,RG45 7LF
23,Byworth Close,Reading,RG2 8SH
9,Newbury Street,Whitchurch,RG28 7DW
49,Merton Road South,Reading,RG2 8AX
48,Easthampstead Road,Wokingham,RG40 2EF
Church View,Harts Lane,Burghclere,RG20 9JB
Norfolk House,Manor Road,Goring,RG8 9DR
4,High View,Calcot,RG31 4XE
54,Donaldson Way,Woodley,RG5 4XL
8,Dewberry Down,Thatcham,RG18 4EZ
21,Trowes Lane,Swallowfield,RG7 1RJ
10,Aintree,Lambourn,RG17 8PQ
93,Gainsborough Road,Reading,RG30 3BS
31,Cockney Hill,Tilehurst,RG30 4HF
10,Norfolk Close,Wokingham,RG41 3AF
25,Sullivan Road,Basingstoke,RG22 4DR
Marbeck Lodge,Station Road,East Woodhay,RG20 0NB
32,Conifer Crest,Newbury,RG14 6RT
Denmark House,Northfield End,Henley-On-Thames,RG9 2HN
3,Montreal Terrace,Twyford,RG10 9ND
Glebe Land,Sulhamstead Road,Ufton Nervet,RG7 4DH
55,Fulmar Crescent,Bracknell,RG12 8EH
12,Somerton Gardens,Earley,RG6 5XG
14,Long Lane,Yattendon,RG18 0UT
1,Tylorstown,Caversham,RG4 7XW
52,East Park Farm Drive,Charvil,RG10 9US
81,Kings Road,Reading,RG1 3DD
66,Western Way,Basingstoke,RG22 6DE
14,Poole Close,Tilehurst,RG30 4LT
22,Huntingdon Gardens,Newbury,RG14 2RG
5,Florence Portal Close,Laverstoke,RG28 7PQ
46,Pack Lane,Basingstoke,RG22 5HF
15,Threshfield,Bracknell,RG12 7EX
Tanners Farmhouse,Swallowfield Road,Arborfield,RG2 9LA
1,Winterbourne Wood,Winterbourne,RG20 8AX
212,London Road,Wokingham,RG40 1SW
33,Flemish Place,Warfield,RG42 2FG
7,Kirkwood Crescent,Burghfield Common,RG7 3LL
Patricias Cottage,Bramley Corner,Bramley,RG26 5DJ
1,The Cricketers,Stockcross,RG20 8LW
2,Orchard Place,Wokingham,RG40 1DW
22,Minden Close,Chineham,RG24 8TH
1,Culver Mews,Reading,RG6 1FD
11,Corfe Mews,Caversham,RG4 6NR
2,Cheney Close,Binfield,RG42 4HF
2,Sherman Avenue,Arborfield Green,RG2 9TF
Waltham Garage,Broadmoor Road,Waltham St Lawrence,RG10 0HX
102,Oxford Road,Reading,RG1 7LL
60,Appleford Road,Reading,RG30 3NT
26,Hillary Drive,Crowthorne,RG45 6QE
Outward House,Summerlug,Mortimer Common,RG7 2JR
44,Star Road,Caversham,RG4 5BG
30,Cowslip Bank,Lychpit,RG24 8RP
12,Mill Green,Binfield,RG42 4BJ
Brockfield,Cricketers Lane,Warfield,RG42 6JT
3,Witan Court,Whitchurch,RG28 7SX
100,Oakley Lane,Oakley,RG23 7JX
Grafton,Gallowstree Road,Peppard Common,RG9 5JA
15,Campbell Court,Bramley,RG26 5EG
Auto Trader House,Danehill,Lower Earley,RG6 4UT
1,Bowden Row,Reading,RG30 3FJ
7,Anchor Yard,Kingsclere,RG20 5PQ
Thatched Oak Cottage,Fleet Hill,Finchampstead,RG40 4RJ
3,Portland Place,North Waltham,RG25 2BD
23,Lysander Close,Woodley,RG5 4ND
62,Wiltshire Crescent,Basingstoke,RG22 5FE
45,Abbey Gardens,Upper Woolhampton,RG7 5TZ
Elmwood Building,Southend Road,Bradfield Southend,RG7 6EU
12,Vincent Close,Woodley,RG5 4HN
6,New Barn Farm Cottages,Hurstbourne Priors,RG28 7RU
3,Walnut Grove,Hartley Wintney,RG27 8XG
Fieldview,Chatter Alley,Dogmersfield,RG27 8SS
Theale House,Brunel Road,Theale,RG7 4AQ
7,Coningsby,Bracknell,RG12 7BE
15,Stephenson Court,Newbury,RG14 1TH
148,Hartland Road,Reading,RG2 8DP
9,Burgage Field,Whitchurch,RG28 7DQ
Woodmans Bungalow,Lakeside Drive,Bramshill,RG27 0JU
12,Hatch Lane,Old Basing,RG24 7EA
Well House,Violet Lane,Baughurst,RG26 5JX
14,Hamble Court,Basingstoke,RG21 4DA
23,Hawthorn Crescent,Woodley,RG5 4FH
Coppins,The Street,Swallowfield,RG7 1RE
4,Monkshood Close,Wokingham,RG40 5YE
Hazeldene,Common Road,Headley,RG19 8LS
38,Binfield Road,Bracknell,RG42 2AL
60,Waterloo Road,Wokingham,RG40 2JL
Deerswood,White Lane,Bix,RG9 6BP
8,Orchard End,Chieveley,RG20 8RQ
70,Bell Street,Henley-On-Thames,RG9 2BN
10,Kirton Close,Reading,RG30 2NS
13,Oldfield Close,Earley,RG6 1HP
12,Old Copse Gardens,Sonning Common,RG4 9TH
Pembroke House,Wellingtonia Avenue,Crowthorne,RG45 6AF
Upcot,Wantage Road,Streatley,RG8 9LD
Mayfield Farm,Ilsley Road,Compton,RG20 7BR
9,South View Close,Twyford,RG10 9AY
1,Oakley Place,Hartley Wintney,RG27 8QD
